accidentDate,accidentTime,accidentDay,settlementType,settlement,district,streetType,streetName,houseNumber,locationComments,accidentType,mainAccidentCause,totalParticipantsAmount,injuryStatusParticipant1,injuryStatusParticipant2,injuryStatusParticipant3,injuryStatusParticipant4,injuryStatusParticipant5,injuryStatusParticipant6,injuryStatusParticipant7,injuryStatusParticipant8,injuryStatusParticipant9,latitude,longitude
2017-10-10,1:01:00,вівторок,місто,Львів,Франківський,вулиця,Окружна,null,null,зіткнення бокове,перевищення безпечної швидкості,1,тяжко травмований,,null,null,null,null,null,null,null,49.827159,23.982639
2017-09-22,7:35:00,п'ятниця,місто,Львів,Личаківський,вулиця,Пасічна,88,null,наїзд на дорожне огородження,null,1,легко травмований,null,null,null,null,null,null,null,null,49.818465,24.076597
2017-09-25,8:30:00,понеділок,місто,Львів,Галицький,вулиця,Бандери С.,55,null,наїзд на пішохода - стояв на проїздній частині,порушення правил проїзду пішохідних переходів,2,без ушкоджень,легко травмований,null,null,null,null,null,null,null,49.83473,24.009821
2017-10-13,20:04:00,п'ятниця,місто,Львів,Шевченківський,вулиця,Шевченка Т.,30,null,наїзд на пішохода - пішохід рухався у зустрічному напрямку,null,2,без ушкоджень,тяжко травмований,null,null,null,null,null,null,null,49.843231,24.014643
2017-09-27,15:01:00,середа,місто,Львів,Личаківський,вулиця,Кривчицька Дорога,2А,null,наїзд на пішохода - стояв на проїздній частині,null,2,без ушкоджень,легко травмований,null,null,null,null,null,null,null,49.840411,24.067188
2017-09-18,14:55:00,понеділок,місто,Львів,Сихівський,вулиця,Трильовського К.,109,null,наїзд на велосипедиста - на велосипедній доріжці,перевищення безпечної швидкості,2,легко травмований,без ушкоджень,null,null,null,null,null,null,null,49.784659,24.064608
2017-10-15,19:39:00,неділя,місто,Львів,Галицький,вулиця,Куліша П.,321,null,наїзд на пішохода - стояв на проїздній частині,null,2,без ушкоджень,легко травмований,null,null,null,null,null,null,null,49.8468,24.0239
2017-09-23,15:10:00,субота,місто,Львів,Шевченківський,вулиця,Лінкольна А.,null,вул. Інструментальна,зіткнення лобове,"порушення правил маневрування, порушення правил проїзду перехресть",2,легко травмований,легко травмований,null,null,null,null,null,null,null,49.865169,24.029782
2017-10-06,16:01:00,п'ятниця,місто,Львів,Залізничний,вулиця,Ряшівська,null,Перехрестя вул. Ряшівська - вул. Городоцька,зіткнення з задньою частиною ТЗ,null,3,легко травмований,легко травмований,без ушкоджень,null,null,null,null,null,null,49.827907,23.953607
2017-10-09,12:01:00,понеділок,місто,Львів,Франківський,вулиця,"Сахарова А., акад.",8,null,наїзд на пішохода - стояв на проїздній частині,порушення правил проїзду пішохідних переходів,2,без ушкоджень,легко травмований,null,null,null,null,null,null,null,49.831841,24.017074
2017-09-22,7:30:00,п'ятниця,місто,Львів,Шевченківський,вулиця,Тунельна,30,null,наїзд на інші види перешкод,перевищення безпечної швидкості,1,тяжко травмований,,null,null,null,null,null,null,null,49.863976,24.006414
2017-09-22,16:10:00,п'ятниця,місто,Львів,Залізничний,вулиця,Ярослава Мудрого,11,null,зіткнення лобове,порушення правил маневрування,2,легко травмований,без ушкоджень,null,null,null,null,null,null,null,49.841688,24.010465
2017-10-10,11:40:00,вівторок,місто,Львів,Галицький,вулиця,"Тарнавського М., ген.",104,null,наїзд на пішохода - пішохід рухався у зустрічному напрямку,null,2,без ушкоджень,тяжко травмований,null,null,null,null,null,null,null,49.827806,24.040629
2017-10-10,21:21:00,вівторок,місто,Львів,Сихівський,вулиця,Стуса В.,null,null,наїзд на пішохода - пішохід рухався у зустрічному напрямку,перехід у невстановленому місці,2,без ушкоджень,тяжко травмований,null,null,null,null,null,null,null,49.818687,24.042463
2017-10-01,20:26:00,неділя,місто,Львів,Залізничний,вулиця,Городоцька,null,null,"наїзд на транспортний засіб, що стоїть - по ходу руху","перевищення безпечної швидкості, недодержання дистанції",4,легко травмований,без ушкоджень,без ушкоджень,легко травмований,null,null,null,null,null,49.821566,23.918717
2017-10-05,9:45:00,четвер,місто,Львів,Шевченківський,вулиця,Хорватська,12,null,наїзд на пішохода - стояв на проїздній частині,null,2,без ушкоджень,легко травмований,null,null,null,null,null,null,null,49.844327,24.015201
2017-09-22,12:34:00,п'ятниця,місто,Львів,Залізничний,вулиця,Чернівецька,null,Перехрестя вул. Чернівецька - вул. Городоцька,зіткнення бокове,невиконання вимог сигналів регулювання,4,без ушкоджень,без ушкоджень,легко травмований,легко травмований,null,null,null,null,null,49.837007,24.001715
2017-10-23,19:30:00,понеділок,місто,Львів,Франківський,вулиця,Пулюя І.,3,null,наїзд на пішохода - пішохід рухався у зустрічному напрямку,null,2,без ушкоджень,тяжко травмований,null,null,null,null,null,null,null,49.803743,23.98832
2017-10-05,14:25:00,четвер,місто,Львів,Сихівський,проспект,"Червоної Калини, просп.",36,null,наїзд на пішохода - стояв на проїздній частині,невиконання вимог сигналів регулювання,2,без ушкоджень,легко травмований,null,null,null,null,null,null,null,49.799203,24.047817
2017-10-10,16:50:00,вівторок,місто,Львів,Сихівський,вулиця,Угорська,null,"Перехрестя вул. Угорська - Червоної Калини, просп.",зіткнення з задньою частиною ТЗ,"перевищення безпечної швидкості, недодержання дистанції",2,легко травмований,без ушкоджень,null,null,null,null,null,null,null,49.810248,24.046251
2017-09-19,17:02:00,вівторок,місто,Львів,Сихівський,.,Стрийська,null,Перехрестя вул. Стрийська - вул. Луганська,зіткнення бокове,порушення правил маневрування,2,без ушкоджень,легко травмований,null,null,null,null,null,null,null,49.812304,24.019648
2017-09-20,20:43:00,середа,місто,Львів,Франківський,вулиця,Стрийська,null,Перехрестя вул. Стрийська - вул. Наукова,зіткнення з задньою частиною ТЗ,перевищення безпечної швидкості,4,легко травмований,легко травмований,без ушкоджень,легко травмований,null,null,null,null,null,49.801894,24.017991
2017-10-14,12:57:00,субота,місто,Львів,Личаківський,вулиця,Хмельницького Б.,269,null,наїзд на пішохода - пішохід рухався у зустрічному напрямку,неочікуваний вихід на проїзну частину,2,без ушкоджень,легко травмований,null,null,null,null,null,null,null,49.872361,24.059308
2017-09-22,13:35:00,п'ятниця,місто,Львів,Галицький,вулиця,Костюшка Т.,1,null,"наїзд на пішохода - пішохідний перехід, ТЗ здійснював поворот вліво (вправо)",null,2,без ушкоджень,легко травмований,null,null,null,null,null,null,null,49.839308,24.025088
2017-10-19,14:58:00,четвер,місто,Львів,Франківський,вулиця,Городоцька,207,null,падіння пасажира,null,2,без ушкоджень,легко травмований,null,null,null,null,null,null,null,49.833713,23.985804
2017-10-13,3:10:00,п'ятниця,місто,Львів,Шевченківський,вулиця,Липинського В.,26,null,наїзд на дерево,перевищення безпечної швидкості,2,без ушкоджень,легко травмований,null,null,null,null,null,null,null,49.861393,24.02835
2017-10-05,18:40:00,четвер,місто,Львів,Галицький,вулиця,Снопківська,43,null,наїзд на пішохода - стояв на проїздній частині,порушення правил проїзду пішохідних переходів,2,без ушкоджень,легко травмований,null,null,null,null,null,null,null,49.825605,24.036976
2017-09-15,13:15:00,п'ятниця,місто,Львів,Залізничний,вулиця,Виговського І.,29,null,падіння пасажира,порушення правил перевезення пасажирів,2,легко травмований,без ушкоджень,null,null,null,null,null,null,null,49.823359,23.967544
2017-11-17,22:40:00,п'ятниця,місто,Львів,Сихівський,вулиця,Лісна (Сихів),null,null,наїзд на пішохода - стояв на проїздній частині,порушення правил маневрування,2,без ушкоджень,легко травмований,null,null,null,null,null,null,null,49.789078,24.053664
2017-10-01,13:01:00,неділя,місто,Львів,Личаківський,вулиця,Хмельницького Б.,188А,null,наїзд на пішохода - стояв на проїздній частині,null,2,без ушкоджень,легко травмований,null,null,null,null,null,null,null,49.863803,24.053578
2017-11-15,21:40:00,середа,місто,Львів,Шевченківський,вулиця,Липинського В.,13А,null,наїзд на пішохода - стояв на проїздній частині,null,2,без ушкоджень,тяжко травмований,null,null,null,null,null,null,null,49.858218,24.024224
2017-12-02,16:30:00,субота,місто,Львів,Галицький,вулиця,Замкова,29,null,наїзд на пішохода - стояв на проїздній частині,перевищення безпечної швидкості,3,без ушкоджень,тяжко травмований,без ушкоджень,null,null,null,null,null,null,49.851117,24.041074
2017-11-10,17:42:00,п'ятниця,місто,Львів,Галицький,вулиця,Під Дубом,null,"Чорновола В., просп.",наїзд на пішохода - стояв на проїздній частині,null,2,без ушкоджень,легко травмований,null,null,null,null,null,null,null,49.850464,24.02416
2017-11-13,19:15:00,понеділок,місто,Львів,Шевченківський,проспект,"Чорновола В., просп.",105,null,наїзд на пішохода - пішохід рухався у зустрічному напрямку,null,2,без ушкоджень,легко травмований,null,null,null,null,null,null,null,49.866853,24.014965
2017-11-16,9:43:00,четвер,місто,Львів,Франківський,вулиця,Княгині Ольги,5Б,null,зіткнення з задньою частиною ТЗ,недодержання дистанції,3,без ушкоджень,легко травмований,без ушкоджень,null,null,null,null,null,null,49.822314,24.006581
2017-11-29,20:50:00,середа,місто,Львів,Франківський,вулиця,Кульпарківська,34,null,зіткнення лобове,"перевищення безпечної швидкості, порушення правил маневрування",4,без ушкоджень,легко травмований,легко травмований,без ушкоджень,null,null,null,null,null,49.830459,23.990542
2017-11-06,8:45:00,понеділок,місто,Львів,Галицький,вулиця,Опришківська,null,Крутий поворот на Високий Замок,зіткнення лобове,перевищення безпечної швидкості,2,легко травмований,легко травмований,null,null,null,null,null,null,null,49.84861,24.045038
2017-10-31,15:15:00,вівторок,місто,Львів,Личаківський,вулиця,Богданівська,44,null,зіткнення бокове,порушення правил маневрування,2,без ушкоджень,тяжко травмований,null,null,null,null,null,null,null,49.854932,24.076034
2017-11-07,15:15:00,вівторок,місто,Львів,Шевченківський,вулиця,Шевченка Т.,48,null,наїзд на пішохода - стояв на проїздній частині,порушення правил маневрування,3,без ушкоджень,легко травмований,легко травмований,null,null,null,null,null,null,49.844189,24.011779
2017-11-02,21:54:00,четвер,місто,Львів,Франківський,вулиця,Городоцька,null,Перехрестя вул. Городоцька - вул. Залізнична,зіткнення бокове,порушення правил маневрування,2,легко травмований,без ушкоджень,null,null,null,null,null,null,null,49.836785,24.002584
2017-10-31,10:59:00,вівторок,місто,Львів,Личаківський,вулиця,Личаківська,167,null,наїзд на пішохода - стояв на проїздній частині,null,2,без ушкоджень,легко травмований,null,null,null,null,null,null,null,49.836938,24.062183
2017-11-30,23:20:00,четвер,місто,Львів,Галицький,вулиця,Городоцька,47,null,наїзд на пішохода - стояв на проїздній частині,null,2,без ушкоджень,легко травмований,null,null,null,null,null,null,null,49.842791,24.019026
2017-11-22,20:05:00,середа,місто,Львів,Сихівський,проспект,"Червоної Калини, просп.",7А,null,наїзд на пішохода - пішохід переходив дорогу поза межами пішохідного переходу,null,2,без ушкоджень,легко травмований,null,null,null,null,null,null,null,49.812906,24.04565
2017-11-17,13:15:00,п'ятниця,місто,Львів,Галицький,вулиця,Гавришкевича С.,3,null,наїзд на пішохода - стояв на проїздній частині,null,2,без ушкоджень,легко травмований,null,null,null,null,null,null,null,49.844313,24.030125
2017-11-24,10:20:00,п'ятниця,місто,Львів,Шевченківський,вулиця,Липинського В.,54,null,зіткнення з задньою частиною ТЗ,порушення правил маневрування,2,без ушкоджень,легко травмований,null,null,null,null,null,null,null,49.864889,24.041246
2017-10-24,8:02:00,вівторок,місто,Львів,Личаківський,вулиця,Пасічна,42,null,наїзд на пішохода - стояв на проїздній частині,null,3,без ушкоджень,тяжко травмований,тяжко травмований,null,null,null,null,null,null,49.830062,24.069259
2017-11-25,12:01:00,субота,місто,Львів,Личаківський,вулиця,Глинянський Тракт,23,null,зіткнення бокове,порушення правил проїзду перехресть,4,без ушкоджень,без ушкоджень,легко травмований,тяжко травмований,null,null,null,null,null,49.836924,24.073899
2017-12-01,13:01:00,п'ятниця,місто,Львів,Шевченківський,вулиця,Орлика П.,4,null,наїзд на пішохода - стояв на проїздній частині,null,2,без ушкоджень,легко травмований,null,null,null,null,null,null,null,49.874324,24.033333
2017-11-03,20:44:00,п'ятниця,місто,Львів,Шевченківський,вулиця,Панча П.,null,Біля амбулаторії,наїзд на пішохода - стояв на проїздній частині,null,2,без ушкоджень,легко травмований,null,null,null,null,null,null,null,49.861344,24.015437
2017-11-01,20:05:00,середа,місто,Львів,Залізничний,вулиця,Городоцька,276,null,наїзд на пішохода - стояв на проїздній частині,"перевищення безпечної швидкості, недодержання дистанції",2,легко травмований,без ушкоджень,null,null,null,null,null,null,null,49.823979,23.932171
2017-11-24,15:50:00,п'ятниця,місто,Львів,Галицький,вулиця,Франка І.,42,"Перехрестя вул. Франка І., - вул. Скельна",зіткнення бокове,перевищення безпечної швидкості,2,без ушкоджень,легко травмований,null,null,null,null,null,null,null,49.832654,24.033837
2017-12-01,16:08:00,п'ятниця,місто,Львів,Залізничний,вулиця,Кульпарківська,226А,Парковка,зіткнення бокове,порушення правил маневрування,4,без ушкоджень,без ушкоджень,легко травмований,легко травмований,null,null,null,null,null,49.80655,23.980176
2017-12-02,11:01:00,субота,місто,Львів,Залізничний,вулиця,Петлюри С.,2А,null,наїзд на пішохода - стояв на проїздній частині,порушення правил маневрування,2,без ушкоджень,легко травмований,null,null,null,null,null,null,null,49.821951,23.979405
2017-11-09,17:47:00,четвер,місто,Львів,Залізничний,вулиця,Городоцька,null,Перехрестя вул. Городоцька - вул. Чернівецька,наїзд на пішохода - стояв на проїздній частині,порушення правил проїзду пішохідних переходів,2,без ушкоджень,тяжко травмований,null,null,null,null,null,null,null,49.836875,24.001651
2017-11-24,13:01:00,п'ятниця,місто,Львів,Личаківський,вулиця,Вашингтона Дж.,1,null,падіння пасажира,null,2,без ушкоджень,легко травмований,null,null,null,null,null,null,null,49.815942,24.062172
2017-11-09,14:55:00,четвер,місто,Львів,Залізничний,вулиця,Бортнянського Д.,43,null,зіткнення бокове,порушення правил проїзду перехресть,3,легко травмований,легко травмований,без ушкоджень,null,null,null,null,null,null,49.845448,23.999929
2017-11-06,22:58:00,понеділок,місто,Львів,Франківський,вулиця,Городоцька,160,null,наїзд на пішохода - стояв на проїздній частині,порушення правил проїзду пішохідних переходів,2,без ушкоджень,легко травмований,null,null,null,null,null,null,null,49.831934,23.975408
2017-11-25,12:01:00,субота,місто,Львів,Франківський,вулиця,Федьковича Ю.,26,null,наїзд на пішохода - стояв на проїздній частині,null,2,без ушкоджень,легко травмований,null,null,null,null,null,null,null,49.834855,24.00208
2017-10-08,13:01:00,неділя,місто,Львів,Галицький,вулиця,Личаківська,11,null,"наїзд на пішохода - пішохідний перехід, ТЗ здійснював поворот вліво (вправо)",null,2,без ушкоджень,легко травмований,null,null,null,null,null,null,null,49.83982,24.038955
2017-10-24,19:01:00,вівторок,місто,Львів,Франківський,вулиця,"Чупринки Т., ген.",null,"Перехрестя вул. Чупринки Т., ген., - вул. Київська",наїзд на пішохода - стояв на проїздній частині,null,2,без ушкоджень,легко травмований,null,null,null,null,null,null,null,49.832357,24.012047
2017-11-06,13:40:00,понеділок,місто,Львів,Личаківський,вулиця,Личаківська,null,Перехрестя вул. Личаківська - вул. Рєпіна І.,наїзд на пішохода - на нерегульованому пішохідному переході,порушення правил проїзду пішохідних переходів,2,без ушкоджень,легко травмований,null,null,null,null,null,null,null,49.838674,24.054158
2017-11-07,18:28:00,вівторок,місто,Львів,Шевченківський,вулиця,Хмельницького Б.,58,null,падіння пасажира,null,2,без ушкоджень,тяжко травмований,null,null,null,null,null,null,null,49.852342,24.033338
2017-11-19,19:05:00,неділя,місто,Львів,Личаківський,вулиця,Вашингтона Дж.,21,null,наїзд на пішохода - стояв на проїздній частині,null,2,без ушкоджень,тяжко травмований,null,null,null,null,null,null,null,49.814436,24.075599
2017-11-17,19:20:00,п'ятниця,місто,Львів,Сихівський,вулиця,Сихівська,null,Перехрестя вул. Сихівська - вул. Зелена,зіткнення з задньою частиною ТЗ,"порушення правил маневрування, перевищення безпечної швидкості",2,без ушкоджень,легко травмований,null,null,null,null,null,null,null,49.798497,24.070959
2017-10-14,22:40:00,субота,місто,Львів,Личаківський,вулиця,Солодова,5,null,наїзд на пішохода - на регульованому пішохідному переході,null,2,без ушкоджень,легко травмований,null,null,null,null,null,null,null,49.841383,24.048745
2017-11-07,19:40:00,вівторок,місто,Львів,Личаківський,вулиця,Хмельницького Б.,255,null,зіткнення лобове,null,2,помер на місці дтп,без ушкоджень,null,null,null,null,null,null,null,49.86956,24.057022
2017-11-08,14:10:00,середа,місто,Львів,Залізничний,вулиця,Любінська,null,Перехрестя вул. Любінська - вул. Петлюри С.,зіткнення лобове,порушення правил проїзду перехресть,3,без ушкоджень,легко травмований,без ушкоджень,null,null,null,null,null,null,49.824058,23.977339
2017-10-24,8:20:00,вівторок,місто,Львів,Шевченківський,вулиця,Тунельна,null,Перехрестя вул. Тунельна - вул. Загула Д.,зіткнення з задньою частиною ТЗ,"перевищення безпечної швидкості, недодержання дистанції",2,легко травмований,без ушкоджень,null,null,null,null,null,null,null,49.863067,24.005279
2017-11-04,15:30:00,субота,місто,Львів,Франківський,вулиця,Коновальця Є.,null,"Перехрестя вул. Коновальця Є., - вул. Рудницького С., акад.",наїзд на пішохода - стояв на проїздній частині,null,2,без ушкоджень,помер у лікарні протягом 30 діб,null,null,null,null,null,null,null,49.82446,23.993336
2017-11-27,1:01:00,понеділок,місто,Львів,Галицький,вулиця,Зернова,null,"Перехрестя вул. Зернова - Чорновола В., просп.",зіткнення бокове,"керування транспортним засобом у нетверезому стані, порушення правил маневрування",3,легко травмований,без ушкоджень,без ушкоджень,null,null,null,null,null,null,49.846441,24.025343
2017-11-10,22:50:00,п'ятниця,місто,Львів,Личаківський,вулиця,Глинянський Тракт,null,null,наїзд на інші види перешкод,перевищення безпечної швидкості,3,легко травмований,легко травмований,легко травмований,null,null,null,null,null,null,49.836599,24.070702
2017-11-10,12:50:00,п'ятниця,місто,Львів,Сихівський,вулиця,Хуторівка,5,null,наїзд на пішохода - стояв на проїздній частині,null,2,без ушкоджень,легко травмований,null,null,null,null,null,null,null,49.801921,24.020979
2017-11-18,6:54:00,субота,місто,Львів,Сихівський,проспект,"Червоної Калини, просп.",77,null,наїзд на пішохода - пішохід переходив дорогу поза межами пішохідного переходу,null,2,без ушкоджень,легко травмований,null,null,null,null,null,null,null,49.795654,24.055236
2017-11-20,10:40:00,понеділок,місто,Львів,Шевченківський,проспект,"Чорновола В., просп.",101,null,наїзд на пішохода - стояв на проїздній частині,null,2,без ушкоджень,легко травмований,null,null,null,null,null,null,null,49.86567,24.016671
2017-10-12,9:50:00,четвер,місто,Львів,Сихівський,вулиця,Вашингтона Дж.,null,null,падіння пасажира,null,2,без ушкоджень,легко травмований,null,null,null,null,null,null,null,49.814395,24.075959
2017-11-21,9:50:00,вівторок,місто,Львів,Личаківський,вулиця,Богданівська,19,null,зіткнення з задньою частиною ТЗ,"порушення правил маневрування, порушення правил проїзду перехресть",3,без ушкоджень,легко травмований,без ушкоджень,null,null,null,null,null,null,49.856831,24.074264
2017-11-10,19:40:00,п'ятниця,місто,Львів,Шевченківський,вулиця,Шевченка Т.,317,null,наїзд на пішохода - стояв на проїздній частині,перевищення безпечної швидкості,2,без ушкоджень,тяжко травмований,null,null,null,null,null,null,null,49.871953,23.939407
2017-11-11,10:15:00,субота,місто,Львів,Залізничний,вулиця,Шевченка Т.,109,null,наїзд на пішохода - стояв на проїздній частині,null,2,без ушкоджень,тяжко травмований,null,null,null,null,null,null,null,49.85064,23.992692
2017-11-29,7:55:00,середа,місто,Львів,Сихівський,вулиця,Зелена,null,Перехрестя вул. Зелена - вул. Вулецька,наїзд на пішохода - стояв на проїздній частині,порушення правил маневрування,2,без ушкоджень,легко травмований,null,null,null,null,null,null,null,49.795976,24.073234
2017-11-22,20:15:00,середа,місто,Львів,Шевченківський,вулиця,Шевченка Т.,134,null,зіткнення з задньою частиною ТЗ,"перевищення безпечної швидкості, недодержання дистанції",3,без ушкоджень,легко травмований,без ушкоджень,null,null,null,null,null,null,49.851325,23.991185
2017-11-12,23:28:00,неділя,місто,Львів,Франківський,вулиця,Володимира Великого,null,Перехрестя вул. Володимира Великого - вул. Княгині Ольги,наїзд на пішохода - стояв на проїздній частині,порушення правил проїзду пішохідних переходів,2,без ушкоджень,легко травмований,null,null,null,null,null,null,null,49.810033,23.99987
2017-10-29,20:10:00,неділя,місто,Львів,Шевченківський,вулиця,Липинського В.,null,Біля АС-2,наїзд на пішохода - стояв на проїздній частині,null,2,без ушкоджень,легко травмований,null,null,null,null,null,null,null,49.864961,24.051797
2017-11-13,0:42:00,понеділок,місто,Винники,Личаківський,вулиця,Миколайчука І.,2Б,null,наїзд на пішохода - пішохід рухався у зустрічному напрямку,неочікуваний вихід на проїзну частину,2,без ушкоджень,легко травмований,null,null,null,null,null,null,null,49.818791,24.136024
2017-11-02,14:06:00,четвер,місто,Львів,Шевченківський,вулиця,Липинського В.,null,"Перехрестя вул. Липинського В., - вул. Бетховена Л.",зіткнення бокове,перевищення безпечної швидкості,2,легко травмований,без ушкоджень,null,null,null,null,null,null,null,49.863481,24.033301
2017-11-05,15:20:00,неділя,місто,Львів,Сихівський,проспект,"Червоної Калини, просп.",49,null,наїзд на інші види перешкод,недодержання дистанції,2,без ушкоджень,легко травмований,null,null,null,null,null,null,null,49.798843,24.04904
2017-11-02,17:55:00,четвер,місто,Львів,Залізничний,вулиця,Петлюри С.,25,null,наїзд на пішохода - стояв на проїздній частині,null,2,без ушкоджень,легко травмований,null,null,null,null,null,null,null,49.82094,23.980054
2017-11-24,19:01:00,п'ятниця,місто,Львів,Франківський,вулиця,Стрийська,45,null,падіння пасажира,null,2,без ушкоджень,легко травмований,null,null,null,null,null,null,null,49.806924,24.019042
2017-10-30,16:50:00,понеділок,місто,Львів,Галицький,вулиця,Франка І.,6,null,наїзд на пішохода - стояв на проїздній частині,null,3,легко травмований,легко травмований,легко травмований,null,null,null,null,null,null,49.837429,24.034942
2017-11-14,23:18:00,вівторок,місто,Львів,Шевченківський,вулиця,Грінченка Б.,null,"Перехрестя вул. Грінченка Б., - вул. Хмельницького Б.",зіткнення з задньою частиною ТЗ,"керування транспортним засобом у нетверезому стані, виїзд на смугу зустрічного руху",2,легко травмований,без ушкоджень,null,null,null,null,null,null,null,49.869968,24.057097
2017-11-01,8:01:00,середа,місто,Львів,Франківський,вулиця,Стрийська,null,Перехрестя вул. Стрийська - вул. Володимира Великого,наїзд на пішохода - стояв на проїздній частині,null,2,без ушкоджень,легко травмований,null,null,null,null,null,null,null,49.808136,24.019139
2017-11-26,22:50:00,неділя,місто,Львів,Личаківський,вулиця,Зелена,131,null,зіткнення з задньою частиною ТЗ,null,3,без ушкоджень,легко травмований,без ушкоджень,null,null,null,null,null,null,49.8176,24.059812
2017-11-16,6:20:00,четвер,місто,Львів,Франківський,вулиця,Наукова,null,Перехрестя вул. Наукова - вул. Тролейбусна,зіткнення з задньою частиною ТЗ,порушення правил проїзду перехресть,2,без ушкоджень,легко травмований,null,null,null,null,null,null,null,49.803069,24.006371
2017-12-01,19:15:00,п'ятниця,місто,Львів,Галицький,вулиця,Свєнціцького І.,18,null,наїзд на пішохода - стояв на проїздній частині,null,2,без ушкоджень,тяжко травмований,null,null,null,null,null,null,null,49.824985,24.036577
2017-10-24,19:20:00,вівторок,місто,Львів,Франківський,вулиця,Кульпарківська,null,Біля ТЦ Ашан,наїзд на пішохода - на регульованому пішохідному переході,null,2,без ушкоджень,легко травмований,null,null,null,null,null,null,null,49.813034,23.984624
2017-11-22,18:10:00,середа,місто,Львів,Галицький,проспект,"Чорновола В., просп.",null,"Перехрестя вул. Під Дубом - Чорновола В., просп.",наїзд на пішохода - пішохід переходив дорогу поза межами пішохідного переходу,null,2,без ушкоджень,легко травмований,null,null,null,null,null,null,null,49.850519,24.024428
2017-12-06,19:21:00,середа,місто,Львів,Галицький,проспект,"Чорновола В., просп.",11,null,наїзд на пішохода - стояв на проїздній частині,null,2,без ушкоджень,помер у лікарні протягом 30 діб,null,null,null,null,null,null,null,49.846749,24.025437
2017-11-20,8:40:00,понеділок,місто,Львів,Залізничний,вулиця,Любінська,null,Перехрестя вул. Любінська - вул. Виговського І.,падіння пасажира,null,2,легко травмований,без ушкоджень,null,null,null,null,null,null,null,49.82068,23.968896
2017-11-06,12:20:00,понеділок,місто,Львів,Галицький,вулиця,Городоцька,35,null,зіткнення з задньою частиною ТЗ,"перевищення безпечної швидкості, недодержання дистанції",2,легко травмований,без ушкоджень,null,null,null,null,null,null,null,49.843016,24.020995
2017-10-31,13:20:00,вівторок,місто,Львів,Сихівський,проспект,"Червоної Калини, просп.",76А,"вул. Скрипника М., 1",наїзд на пішохода - стояв на проїздній частині,null,3,легко травмований,без ушкоджень,тяжко травмований,null,null,null,null,null,null,49.789213,24.058739
2017-12-01,0:01:00,п'ятниця,місто,Львів,Шевченківський,вулиця,Лінкольна А.,49,null,наїзд на пішохода - стояв на проїздній частині,null,2,без ушкоджень,легко травмований,null,null,null,null,null,null,null,49.866618,24.041734
2017-10-31,17:10:00,вівторок,місто,Львів,Шевченківський,вулиця,Миколайчука І.,9,null,наїзд на пішохода - стояв на проїздній частині,порушення правил проїзду пішохідних переходів,2,без ушкоджень,легко травмований,null,null,null,null,null,null,null,49.874366,24.039862
2017-12-01,9:04:00,п'ятниця,місто,Львів,Сихівський,вулиця,Тернопільська,null,Перехрестя вул. Тернопільська - вул. Стуса В.,зіткнення лобове,порушення правил проїзду перехресть,2,без ушкоджень,легко травмований,null,null,null,null,null,null,null,49.81625,24.044566
2017-11-01,18:10:00,середа,місто,Львів,Франківський,вулиця,Володимира Великого,1,null,наїзд на пішохода - стояв на проїздній частині,null,2,без ушкоджень,легко травмований,null,null,null,null,null,null,null,49.808202,24.017921
2017-11-01,15:15:00,середа,місто,Львів,Шевченківський,вулиця,Миколайчука І.,1,null,зіткнення з задньою частиною ТЗ,"перевищення безпечної швидкості, недодержання дистанції",3,без ушкоджень,легко травмований,без ушкоджень,null,null,null,null,null,null,49.868399,24.042754
2017-11-09,19:01:00,четвер,місто,Львів,Личаківський,вулиця,Пасічна,null,Перехрестя вул. Пасічна - вул. Запольської Г.,наїзд на велосипедиста - поза межами велосипедної доріжки,порушення правил маневрування,2,без ушкоджень,легко травмований,null,null,null,null,null,null,null,49.834592,24.068089
2017-11-01,7:50:00,середа,місто,Львів,Личаківський,вулиця,Медової Печери,39,null,наїзд на пішохода - стояв на проїздній частині,null,2,без ушкоджень,легко травмований,null,null,null,null,null,null,null,49.825079,24.077724
2017-11-07,9:17:00,вівторок,місто,Львів,Шевченківський,вулиця,Варшавська,157,null,наїзд на пішохода - стояв на проїздній частині,null,2,без ушкоджень,легко травмований,null,null,null,null,null,null,null,49.865473,24.011076
2017-11-24,14:25:00,п'ятниця,місто,Львів,Шевченківський,вулиця,Ветеранів,2,null,наїзд на пішохода - стояв на проїздній частині,null,2,без ушкоджень,легко травмований,null,null,null,null,null,null,null,49.850028,24.020045
2017-10-07,12:20:00,субота,місто,Львів,Личаківський,вулиця,Личаківська,175,null,наїзд на пішохода - стояв на проїздній частині,null,2,без ушкоджень,легко травмований,null,null,null,null,null,null,null,49.836107,24.067279
2017-12-01,1:46:00,п'ятниця,місто,Львів,Шевченківський,вулиця,Липинського В.,null,"Перехрестя вул. Липинського В., - вул. Замарстинівська",зіткнення бокове,порушення правил проїзду перехресть,3,без ушкоджень,легко травмований,без ушкоджень,null,null,null,null,null,null,49.860079,24.026885